run_date,target,model,forecast,model_std,low80,low50,high50,high80,expected_publication,days_to_publication,horizon_applied,status,reason,dataset_version,code_commit
2026-10-08,2026-09-30,media_storica,0.1604243588,2.05898158,-0.4047108262,0.06096097154,0.4835839275,0.6278622021,2026-11-01,24,30,ok,,ef2b22705503,3a6b34c
2026-10-08,2026-09-30,ar1,0.1516793891,2.055809725,-0.2004575958,0.03848107373,0.4593844319,0.6588874271,2026-11-01,24,30,ok,,ef2b22705503,3a6b34c
2026-10-08,2026-09-30,ar2,0.131836465,2.067926846,-0.1444784067,0.005170003662,0.4298227321,0.6424948608,2026-11-01,24,30,ok,,ef2b22705503,3a6b34c
2026-10-08,2026-09-30,bridge,0.1206306388,0.60338036,-0.2151303445,-0.05518229633,0.4618919839,0.5996214384,2026-11-01,24,30,ok,,ef2b22705503,3a6b34c
2026-10-08,2026-09-30,dfm_k1,0.5415682341,1.057390243,0.0850756373,0.3527943863,0.9426106498,1.076994753,2026-11-01,24,30,ok,,ef2b22705503,3a6b34c
2026-10-08,2026-09-30,dfm_k2,0.5779601595,1.034641178,0.153961505,0.3844997216,0.9889260355,1.205001851,2026-11-01,24,30,ok,,ef2b22705503,3a6b34c
2026-10-08,2026-09-30,media_storica_expost,0.2027378112,0.7336339886,-0.3623973737,0.06892866828,0.52589738,0.6640711981,2026-11-01,24,30,ok,,ef2b22705503,3a6b34c
2026-10-08,2026-09-30,ar1_expost,0.1541017213,0.5475616016,-0.3547342859,-0.02928292652,0.4443005456,0.6613097593,2026-11-01,24,30,ok,,ef2b22705503,3a6b34c
2026-10-08,2026-09-30,ar2_expost,0.1463435209,0.54177129,-0.3322660397,-0.05302597764,0.4397573831,0.6570019166,2026-11-01,24,30,ok,,ef2b22705503,3a6b34c
2026-10-08,2026-09-30,bridge_expost,0.1317174611,0.438810411,-0.1752126232,-0.02486334216,0.4729788062,0.6575374336,2026-11-01,24,30,ok,,ef2b22705503,3a6b34c
2026-10-08,2026-09-30,dfm_k1_expost,0.2594723399,0.4602928328,-0.2295730554,0.05006717122,0.4927088263,0.6886769098,2026-11-01,24,30,ok,,ef2b22705503,3a6b34c
2026-10-08,2026-09-30,dfm_k2_expost,0.2994827338,0.4610976306,-0.1454449064,0.07366292023,0.5526638621,0.7217117015,2026-11-01,24,30,ok,,ef2b22705503,3a6b34c
2026-10-08,2026-09-30,media_storica,0.1604243588,2.05898158,-0.4047108262,0.06096097154,0.4835839275,0.6278622021,2026-11-01,24,30,ok,,ef2b22705503,c01147b
2026-10-08,2026-09-30,ar1,0.1516793891,2.055809725,-0.2004575958,0.03848107373,0.4593844319,0.6588874271,2026-11-01,24,30,ok,,ef2b22705503,c01147b
2026-10-08,2026-09-30,ar2,0.131836465,2.067926846,-0.1444784067,0.005170003662,0.4298227321,0.6424948608,2026-11-01,24,30,ok,,ef2b22705503,c01147b
2026-10-08,2026-09-30,bridge,0.1206306388,0.60338036,-0.2151303445,-0.05518229633,0.4618919839,0.5996214384,2026-11-01,24,30,ok,,ef2b22705503,c01147b
2026-10-08,2026-09-30,dfm_k1,0.541568234,1.057390243,0.08507563729,0.3527943862,0.9426106497,1.076994753,2026-11-01,24,30,ok,,ef2b22705503,c01147b
2026-10-08,2026-09-30,dfm_k2,0.5779601595,1.034641178,0.153961505,0.3844997217,0.9889260355,1.205001851,2026-11-01,24,30,ok,,ef2b22705503,c01147b
2026-10-08,2026-09-30,media_storica_expost,0.2027378112,0.7336339886,-0.3623973737,0.06892866828,0.52589738,0.6640711981,2026-11-01,24,30,ok,,ef2b22705503,c01147b
2026-10-08,2026-09-30,ar1_expost,0.1541017213,0.5475616016,-0.3547342859,-0.02928292652,0.4443005456,0.6613097593,2026-11-01,24,30,ok,,ef2b22705503,c01147b
2026-10-08,2026-09-30,ar2_expost,0.1463435209,0.54177129,-0.3322660397,-0.05302597764,0.4397573831,0.6570019166,2026-11-01,24,30,ok,,ef2b22705503,c01147b
2026-10-08,2026-09-30,bridge_expost,0.1317174611,0.438810411,-0.1752126232,-0.02486334216,0.4729788062,0.6575374336,2026-11-01,24,30,ok,,ef2b22705503,c01147b
2026-10-08,2026-09-30,dfm_k1_expost,0.2594723396,0.4602928326,-0.2295730558,0.05006717089,0.492708826,0.6886769095,2026-11-01,24,30,ok,,ef2b22705503,c01147b
2026-10-08,2026-09-30,dfm_k2_expost,0.2994827338,0.4610976306,-0.1454449064,0.07366292025,0.5526638622,0.7217117015,2026-11-01,24,30,ok,,ef2b22705503,c01147b
